[
  {
    "titolo": "Titolo 1",
    "contenuto": "Lorem ipsum dolor sit amet, consectetur adipisci elit, sed do eiusmod tempor incidunt ut labore et dolore magna aliqua."
  },
  {
    "titolo": "Titolo 2",
    "contenuto": "Lorem ipsum dolor sit amet, consectetur adipisci elit, sed do eiusmod tempor incidunt ut labore et dolore magna aliqua."
  },
  {
    "titolo": "Titolo 3",
    "contenuto": "Lorem ipsum dolor sit amet, consectetur adipisci elit, sed do eiusmod tempor incidunt ut labore et dolore magna aliqua."
  }
]
